pair,duplicate,similarity,match
0,false,0.6469502006416136,"own"
1,false,0.37541609612457916,""
2,true,0.8323896097889745,"own"
3,false,0.5096828786907713,"other"
4,false,0.9008125328701019,"own"
5,true,0.8473370875300262,"own"
6,true,0.7183012946632944,"other"
7,true,0.8482639057351682,"own"
8,false,0.9339909177537202,"own"
9,false,0.4904760513156363,""
10,false,0.6633554725931394,"own"
11,false,0.34822994974152,""
12,true,0.9331353402496707,"own"
13,false,0.5591245046788113,"own"
14,false,0.7743349454113667,"other"
15,true,0.8372204580371974,"own"
16,true,0.8403527462682652,"other"
17,false,0.5937709891278707,"own"
18,false,0.7431200688778755,"own"
19,true,0.8413559060749553,"own"
20,false,0.5894177743751718,"own"
21,true,0.8255844413890421,"own"
22,false,0.6892129976680513,"other"
23,false,0.6620762678715385,"own"
24,false,0.33241404967758315,""
25,false,0.6015534915640901,"own"
26,false,0.7641116027567101,"own"
27,false,0.8476829629217927,"other"
28,false,0.7407640047741727,"own"
29,false,0.8888972695899146,"own"
30,true,0.8478464799550693,"own"
31,false,0.7188618877085474,"own"
32,false,0.5570320864790959,"own"
33,true,0.792084389907054,"own"
34,false,0.837217083162263,"own"
35,false,0.5408487214125145,"own"
36,false,0.7630590605145405,"own"
37,false,0.7657439791717418,"own"
38,true,0.923169420487469,"own"
39,false,0.5632456280255342,"own"
40,false,0.823348373367542,"own"
41,false,0.5724599799314174,"own"
42,true,0.7509057026043942,"own"
43,false,0.5486822114216403,"other"
44,false,0.601446157247697,"own"
45,true,0.8241476926499681,"own"
46,true,0.9435851164039114,"own"
47,true,0.6486812684985854,"own"
48,true,0.9127339444756608,"own"
49,true,0.6997837580390934,"own"
50,false,0.34290516403114035,""
51,true,0.9692822973500236,"own"
52,false,0.6281996016539773,"own"
53,false,0.8528040886063532,"own"
54,true,0.7336013700930817,"own"
55,false,0.5890206999338252,"own"
56,false,0.8062553458505332,"own"
57,false,0.42887128402581454,""
58,false,0.4884644174801027,""
59,true,0.8612839222768173,"own"
60,false,0.7988035424442936,"own"
61,true,0.7213452709518664,"own"
62,false,0.5005399074104312,"other"
63,false,0.839144710285744,"own"
64,false,0.3514317118348381,""
65,false,0.5570764081607419,"own"
66,false,0.4640818892718146,""
67,false,0.4159447926812021,""
68,false,0.5601404238674815,"other"
69,false,0.6612083584688841,"own"
70,true,0.8656974281337989,"own"
71,false,0.9382621169197848,"own"
72,false,0.5818808540114695,"own"
73,false,0.6308586525601059,"own"
74,false,0.48488680627949954,""
75,false,0.3788935247899916,""
76,false,0.8481306961900039,"own"
77,false,0.6799515463439834,"own"
78,false,0.5086662631576541,"own"
79,false,0.6113197632147662,"own"
80,false,0.794576392484728,"own"
81,true,0.8837410241166763,"own"
82,false,0.5722873675101242,"other"
83,true,0.6767299712823791,"own"
84,false,0.3662691279178789,""
85,true,0.8134114396123361,"own"
86,false,0.7498986692550627,"own"
87,false,0.8482169431827856,"own"
88,false,0.7989363747939451,"own"
89,false,0.8225405524669965,"own"
90,false,0.4531082139824225,""
91,false,0.7883562332779724,"own"
92,true,0.8862975803789833,"own"
93,true,0.8935478354400505,"other"
94,true,0.6386599790905453,"own"
95,false,0.4981105149679277,""
96,false,0.5676771620289733,"other"
97,false,0.4702372929889893,""
98,true,0.8691186518042314,"own"
99,false,0.8460983282227431,"own"
100,false,0.32594703884600706,""
101,false,0.6506375076755464,"other"
102,false,0.32199464856194937,""
103,false,0.7934926122146603,"other"
104,false,0.5906702087467866,"own"
105,true,0.9831355965773234,"own"
106,false,0.4132255402100711,""
107,false,0.6225454436977709,"other"
108,true,0.7472330851459678,"own"
109,false,0.5650167588336112,"other"
110,false,0.6407062954143499,"own"
111,false,0.3196824545169151,""
112,false,0.3992927652238758,""
113,false,0.45660017056607005,""
114,false,0.6376001128510725,"own"
115,false,0.5976385118552218,"own"
116,false,0.8596853785441645,"own"
117,true,0.9623143958372193,"own"
118,false,0.37910853426008995,""
119,false,0.9242063339779666,"own"
120,false,0.5050200258120255,"other"
121,false,0.6854041508480465,"own"
122,false,0.5785522968192368,"own"
123,true,0.9551411712764376,"own"
124,false,0.5843419829527033,"own"
125,true,0.6780924421442476,"own"
126,false,0.4003992475420576,""
127,true,0.9160219374370547,"own"
128,true,0.8650373715636157,"own"
129,true,0.7868194294515727,"own"
130,false,0.5011590754512156,"other"
131,true,0.9203671104009706,"other"
132,false,0.6807802916851075,"own"
133,true,0.5106471071382491,"own"
134,false,0.6781977968086021,"own"
135,false,0.6940325876942327,"own"
136,true,0.8433330696490098,"own"
137,true,0.9456869108714636,"own"
138,true,0.8827135309170576,"own"
139,false,0.6722843139344122,"own"
140,false,0.7250984687123666,"own"
141,false,0.434295386992537,""
142,false,0.6027385828888567,"own"
143,false,0.7932310592854322,"own"
144,true,0.8120755668207918,"own"
145,true,0.8633267425850336,"own"
146,false,0.7757865337124021,"own"
147,false,0.7499907494597459,"own"
148,false,0.3996582352361213,""
149,true,0.8423463712654201,"own"
150,false,0.5244551289658119,"own"
151,false,0.7464790790865793,"own"
152,true,0.8056116896997199,"own"
153,true,0.6988043937794598,"own"
154,true,0.8133047036838289,"own"
155,true,0.7427375775762618,"other"
156,true,0.7247842135778003,"own"
157,true,0.8851501803822139,"own"
158,false,0.48301512237727795,""
159,false,0.4430176829508288,""
160,false,0.8432439419182588,"own"
161,true,0.9309020689800681,"own"
162,true,0.9177263065909297,"own"
163,true,0.7901545556082259,"own"
164,false,0.693184383392463,"own"
165,false,0.6967477747153329,"own"
166,false,0.4398531747928883,""
167,false,0.4096765485522289,""
168,false,0.7191203445271367,"own"
169,false,0.837568691542941,"own"
170,false,0.6453051805746167,"own"
171,false,0.4490765547793816,""
172,false,0.3659027509920353,""
173,false,0.40968042202996224,""
174,false,0.6451179590691865,"own"
175,false,0.630356650835651,"own"
176,false,0.6725670272481894,"own"
177,false,0.6005009453198175,"own"
178,true,0.8671095427463534,"own"
179,false,0.3349192228855813,""
180,false,0.6206425314871403,"own"
181,false,0.5870249418796541,"other"
182,false,0.6082437733053825,"own"
183,true,0.7928332812682525,"own"
184,true,0.844449854286433,"own"
185,true,0.8118119107331819,"own"
186,true,0.7999580910795817,"other"
187,false,0.52159013662206,"own"
188,true,0.903792167901327,"own"
189,true,0.8453970136855046,"own"
190,false,0.4798511342698537,""
191,true,0.8870705190994674,"own"
192,true,0.8659160381593344,"other"
193,true,0.907888475561776,"own"
194,false,0.6042276603682752,"own"
195,false,0.48444232096477424,""
196,true,0.7089797846704881,"own"
197,true,0.9648245110011636,"own"
198,false,0.6023932974389091,"own"
199,false,0.5575257118129829,"other"
200,true,0.802965633513324,"own"
201,true,0.7474173880396964,"other"
202,false,0.8214635149192884,"own"
203,false,0.6986868971283698,"own"
204,false,0.943009077501891,"own"
205,false,0.8106713223351046,"own"
206,false,0.9012807522108094,"other"
207,false,0.8426091349434305,"own"
208,true,0.7693071470232229,"own"
209,true,0.9118265586519435,"other"
210,false,0.6720027956032393,"own"
211,false,0.4043934773048019,""
212,true,0.846870219668649,"own"
213,true,0.7017692215390027,"own"
214,false,0.48376883957838546,""
215,false,0.5966256284584526,"own"
216,false,0.8411953516082407,"own"
217,true,0.8386778927801082,"own"
218,false,0.5101971697396848,"other"
219,false,0.392028964598099,""
220,true,0.8834293288927996,"other"
221,false,0.4720747536901264,""
222,true,0.6520005466678623,"own"
223,false,0.8121760917980061,"own"
224,false,0.637225454145741,"own"
225,false,0.7719076612353577,"own"
226,false,0.8487140166007258,"own"
227,true,0.7064295347441469,"own"
228,false,0.5566490903692572,"own"
229,false,0.5066596603299482,"own"
230,false,0.5374460410426075,"own"
231,false,0.889270869285484,"own"
232,true,0.8830727588962147,"own"
233,false,0.600564440869763,"own"
234,false,0.6075371100887863,"own"
235,false,0.6164495961636942,"own"
236,false,0.7844882258911056,"own"
237,false,0.6979605240151917,"own"
238,false,0.7465283553698625,"own"
239,true,0.9517147471385202,"own"
240,true,0.6871365169381536,"own"
241,true,0.6451215326744093,"own"
242,true,0.754338598442125,"other"
243,true,0.7991419415477494,"own"
244,false,0.6431423237583893,"own"
245,true,0.8797716130963618,"own"
246,false,0.702019913165863,"own"
247,false,0.6248132033546188,"own"
248,false,0.6770727942996831,"own"
249,true,0.8723294009024359,"own"
250,false,0.29725414526245764,""
251,false,0.5773064099330633,"own"
252,true,0.9622011761714695,"own"
253,true,0.6723027489764264,"other"
254,true,0.882932396769067,"own"
255,true,0.6789760775435516,"other"
256,true,0.9309482886659793,"own"
257,false,0.5958525639115222,"own"
258,true,0.6452028523445673,"own"
259,true,0.9569966410577285,"own"
260,true,0.9772257821101772,"own"
261,true,0.83718974353457,"own"
262,true,0.9832689603474033,"own"
263,false,0.6685184727570239,"own"
264,false,0.29672151496144283,""
265,false,0.2795271015592613,""
266,true,0.7928398237165768,"own"
267,false,0.5299614151545622,"own"
268,false,0.5477999205249908,"own"
269,true,0.8934906366569249,"own"
270,false,0.49053101525515386,""
271,true,0.9821483353012991,"own"
272,false,0.7079986219307252,"own"
273,false,0.9074435246377203,"own"
274,false,0.7400913581593326,"other"
275,false,0.3719924965079747,""
276,true,0.9139399641562755,"own"
277,false,0.5822182825390391,"own"
278,false,0.6496525670779605,"own"
279,false,0.6277406610305247,"other"
280,false,0.6619826516326468,"own"
281,false,0.8651330007658822,"own"
282,true,0.9908070210129971,"own"
283,true,0.8910521379459047,"own"
284,false,0.3893404390313946,""
285,false,0.7368946277852167,"own"
286,false,0.5078101576971731,"own"
287,true,0.8527669606315437,"own"
288,true,0.7980721056094816,"other"
289,false,0.6156973068432519,"own"
290,false,0.5269454477048103,"own"
291,false,0.8485438756005175,"other"
292,true,0.6296163932523056,"own"
293,false,0.4002585726771686,""
294,true,0.9047287325567533,"own"
295,false,0.5706576108682999,"own"
296,false,0.7316114916215247,"own"
297,false,0.7628969164963687,"other"
298,false,0.5153831833370538,"own"
299,true,0.7446853720518631,"own"
300,false,0.42315704054841197,""
301,true,0.8193010912559338,"own"
302,true,0.9057014309397017,"own"
303,false,0.6739699719010984,"own"
304,true,0.7589256784377271,"own"
305,false,0.5902846586754629,"other"
306,false,0.558871579599865,"own"
307,false,0.5493625178397169,"other"
308,false,0.4120330735796722,""
309,false,0.6500768996358881,"own"
310,false,0.8587111333023962,"own"
311,true,0.9312956639719103,"own"
312,true,0.97885633019738,"own"
313,false,0.7619367269903331,"own"
314,false,0.49991082888796357,""
315,false,0.6020326293967275,"own"
316,false,0.4203471013991975,""
317,true,0.661399626342736,"own"
318,true,0.7359866231909787,"own"
319,false,0.34274911963898713,""
320,true,0.9483454857097489,"own"
321,false,0.5461673524320289,"own"
322,false,0.8289557355780778,"own"
323,false,0.6338743435484226,"other"
324,false,0.5320880481193008,"own"
325,false,0.9585688341193851,"own"
326,false,0.9078732749368399,"own"
327,false,0.4392056456388522,""
328,true,0.8390337639182953,"own"
329,false,0.6376940534451067,"own"
330,false,0.7298729885674812,"own"
331,true,0.8938452795498306,"own"
332,false,0.39859247747274895,""
333,true,0.9914996635347663,"own"
334,false,0.36744784786961826,""
335,false,0.6648655462609515,"own"
336,false,0.7387539647307831,"own"
337,false,0.8959071338191017,"own"
338,false,0.4905205586779424,""
339,true,0.7605588406141183,"own"
340,false,0.38115883929602434,""
341,false,0.7376797037243767,"own"
342,true,0.8314563373481234,"own"
343,false,0.963977763602544,"own"
344,false,0.7353388524872754,"own"
345,false,0.6754653497663865,"other"
346,false,0.5959155173178432,"own"
347,false,0.8094740426438916,"own"
348,false,0.5422176616995797,"other"
349,false,0.32712674629127503,""
350,false,0.3643797171317973,""
351,false,0.358486738888824,""
352,false,0.5744417939371881,"own"
353,true,0.7470976562417851,"own"
354,true,0.7273754903651196,"own"
355,false,0.5846382570001253,"own"
356,false,0.5760860200406863,"own"
357,true,0.8021985369134428,"other"
358,false,0.7079803353497861,"other"
359,true,0.9302656109485631,"own"
360,true,0.8165885165852854,"own"
361,false,0.41620596800701626,""
362,true,0.5968930421724153,"other"
363,true,0.929054859857244,"own"
364,false,0.8439837681858399,"own"
365,false,0.6264592089753807,"own"
366,false,0.9286202634300449,"own"
367,false,0.5820166496685363,"own"
368,true,0.9042207806448946,"own"
369,true,0.906442010298754,"own"
370,true,0.9111038725356307,"own"
371,true,0.6484525960869013,"own"
372,false,0.7699508655073417,"own"
373,true,0.6659256104875296,"own"
374,false,0.7569306595776343,"own"
375,false,0.7648392640216182,"other"
376,false,0.5568714375487973,"other"
377,true,0.896569986716716,"own"
378,true,0.8484336590266973,"own"
379,true,0.910399067931208,"own"
380,false,0.926130200244092,"own"
381,false,0.9059696267227277,"other"
382,false,0.7293967103628226,"own"
383,true,0.8984940380256785,"own"
384,false,0.6671297320982001,"own"
385,false,0.4139940948849854,""
386,true,0.5736244920324071,"own"
387,true,0.8084660185310926,"own"
388,true,0.7535700826538758,"own"
389,false,0.7879417522296788,"own"
390,false,0.5372399292778758,"own"
391,false,0.44361557311814637,""
392,true,0.8341571703821865,"own"
393,false,0.713479186331436,"own"
394,false,0.5089770116865112,"other"
395,false,0.9124594156578353,"own"
396,false,0.32320295459328197,""
397,false,0.6833670558450332,"own"
398,true,0.6850113306081665,"other"
399,true,0.8606248143973454,"own"
400,false,0.8557150937844418,"other"
401,false,0.7804021613239704,"own"
402,false,0.5585197793076623,"own"
403,false,0.6139007101264428,"own"
404,false,0.5896743783271896,"own"
405,true,0.7810169274890937,"own"
406,false,0.7869964073644359,"other"
407,false,0.8606146050912492,"own"
408,false,0.8945077283003704,"own"
409,true,0.9879458828395861,"own"
410,false,0.32126229373487947,""
411,true,0.9381437516013779,"own"
412,false,0.6959086548867569,"own"
413,false,0.515405806568266,"own"
414,false,0.4520871337124077,""
415,false,0.8474370431040315,"own"
416,false,0.5807727095966492,"own"
417,true,0.9605767832466187,"own"
418,false,0.9190607436014234,"own"
419,false,0.5924349363916744,"own"
420,false,0.4605435705802772,""
421,true,0.8983575856315489,"own"
422,false,0.5134756581748918,"own"
423,false,0.44063617956623014,""
424,true,0.9550314204993635,"own"
425,true,0.8502561597403785,"own"
426,true,0.7638342258867711,"own"
427,true,0.7767175253595469,"other"
428,true,0.9550392636072859,"own"
429,false,0.4619224806592841,""
430,true,0.884033329988259,"own"
431,false,0.4465924520557698,""
432,true,0.8727066053208737,"own"
433,false,0.9246039177114198,"own"
434,false,0.5685087008207911,"other"
435,false,0.7103722767411399,"own"
436,false,0.6397426395462646,"own"
437,true,0.8480335106411933,"own"
438,false,0.5489577327484312,"other"
439,true,0.9066634344439161,"own"
440,false,0.7856254110460348,"own"
441,true,0.9666317066887298,"own"
442,false,0.7373073164491872,"own"
443,false,0.36827697501266,""
444,true,0.8076631697673745,"own"
445,false,0.37091986428927126,""
446,true,0.9331944699685156,"own"
447,false,0.8046015756020036,"own"
448,false,0.769925847053526,"own"
449,false,0.6201062794184117,"own"
450,true,0.9457381172059275,"own"
451,false,0.8768488922255241,"own"
452,false,0.5461379559593355,"other"
453,true,0.8197763306653153,"own"
454,true,0.8010290939482068,"other"
455,false,0.9317781392197289,"own"
456,false,0.3973829359616621,""
457,false,0.39557234518500395,""
458,true,0.8085927098410758,"own"
459,true,0.8109505576111871,"own"
460,false,0.8054847003817017,"own"
461,true,0.8598011001504566,"own"
462,true,0.881884704507539,"own"
463,false,0.2664338682008437,""
464,true,0.817054251654932,"other"
465,false,0.5132917567347677,"own"
466,false,0.6236132235672133,"own"
467,false,0.5975325224838656,"own"
468,true,0.6281684561142066,"own"
469,false,0.9180030927796365,"own"
470,false,0.6104376942798609,"own"
471,false,0.4456906104227575,""
472,false,0.41646754628448535,""
473,false,0.6459124331339455,"own"
474,false,0.6321001183449212,"own"
475,true,0.8715262960080328,"own"
476,false,0.8672516338599824,"own"
477,false,0.7875744371386687,"own"
478,false,0.7749961801745534,"own"
479,false,0.6151373782221151,"own"
480,false,0.5554516790249499,"other"
481,true,0.9331043403633255,"own"
482,false,0.5482215510547882,"own"
483,false,0.5110445858166555,"own"
484,false,0.3194891407919034,""
485,false,0.6102289591364073,"own"
486,true,0.8871791061594541,"own"
487,false,0.7795465642937095,"own"
488,false,0.4805618095177162,""
489,false,0.49658881842257463,""
490,true,0.9341386777785297,"own"
491,true,0.7653408359005233,"own"
492,false,0.6684627081954353,"own"
493,false,0.4612598642195924,""
494,false,0.461516262028452,""
495,false,0.5654582407173852,"own"
496,false,0.4750672571540627,""
497,true,0.9257173700093023,"other"
498,true,0.8241490846073863,"own"
499,true,0.8405175633497398,"own"
500,false,0.8794863399036456,"own"
501,false,0.6896728958188746,"other"
502,false,0.6531423474562476,"own"
503,true,0.8449502755253226,"own"
504,false,0.7269846188311949,"own"
505,false,0.36381889380266064,""
506,false,0.7277415384017424,"own"
507,false,0.4490356277960038,""
508,true,0.7581674801121415,"own"
509,false,0.8106789335160446,"own"
510,true,0.8626872478991797,"own"
511,false,0.6099939714164924,"own"
512,false,0.5822013670940602,"own"
513,false,0.687020067481161,"own"
514,true,0.9477983461793897,"own"
515,false,0.5667119852114635,"own"
516,false,0.6885036081979082,"own"
517,true,0.9191376023410287,"own"
518,true,0.9573733705060598,"own"
519,false,0.4549268033039542,""
520,true,0.9177386368282187,"own"
521,false,0.7364619299936497,"own"
522,true,0.7657796562356117,"own"
523,false,0.4872185029175904,""
524,false,0.629750961453366,"own"
525,false,0.41468160106941876,""
526,true,0.9252641094478741,"own"
527,true,0.9227606731974602,"own"
528,true,0.9007019958694558,"own"
529,false,0.44878371999498223,""
530,false,0.5846028270939709,"own"
531,false,0.4782018204036592,""
532,false,0.9229882220956542,"own"
533,true,0.7887867136838544,"own"
534,true,0.9915488758264244,"own"
535,true,0.7880409900709632,"own"
536,false,0.6935859727872831,"own"
537,true,0.9485593489255176,"own"
538,false,0.5721649685685165,"own"
539,false,0.582231563183506,"other"
540,false,0.8133217290572099,"own"
541,false,0.40845848972705967,""
542,true,0.8223563560051328,"own"
543,true,0.8175855482782428,"other"
544,false,0.9024393515411255,"own"
545,false,0.45391108732354013,""
546,false,0.6341153793656379,"own"
547,true,0.8112186381812605,"own"
548,true,0.9086303697747321,"own"
549,false,0.43667781642837455,""
550,false,0.561075579908494,"other"
551,false,0.4909859382232695,""
552,false,0.7288837891937454,"own"
553,false,0.7690692461586658,"own"
554,true,0.8529455905481409,"own"
555,true,0.9285609192788866,"other"
556,false,0.6966940145501752,"own"
557,true,0.7003422129467758,"other"
558,false,0.41425097958911283,""
559,true,0.8246639307314928,"own"
560,true,0.692391871355473,"own"
561,false,0.4381874649483629,""
562,false,0.38232542722891494,""
563,false,0.4749428647590057,""
564,true,0.7792792074077936,"own"
565,false,0.5845178458093706,"own"
566,false,0.675121911493397,"own"
567,true,0.76748121874207,"own"
568,true,0.8441393564001066,"other"
569,true,0.9233177838867235,"own"
570,false,0.6974077671516321,"own"
571,false,0.6646557113968182,"other"
572,false,0.5053765226197864,"other"
573,false,0.6661195940505215,"own"
574,false,0.8287368180583323,"own"
575,false,0.3623056005229939,""
576,false,0.4224784026948738,""
577,true,0.9424091820932186,"own"
578,false,0.944426433089423,"own"
579,false,0.4677842558588161,""
580,false,0.7990623615793245,"own"
581,false,0.770522880405067,"own"
582,false,0.4549475631394925,""
583,false,0.8556527621454485,"own"
584,false,0.7019774413738356,"own"
585,false,0.5151147746394882,"other"
586,false,0.7855250662077683,"own"
587,false,0.44216682966899623,""
588,true,0.8681267120576939,"own"
589,false,0.40505789159052785,""
590,false,0.7691842887331908,"own"
591,false,0.7892025662372364,"own"
592,false,0.84827226045846,"own"
593,false,0.5738728550178731,"own"
594,false,0.5397824962963967,"own"
595,false,0.775318394993803,"own"
596,false,0.4279058154352866,""
597,false,0.6839673782707828,"own"
598,false,0.39038747839791454,""
599,false,0.8474074137166445,"own"
600,false,0.38756528175728955,""
601,true,0.9922440328628819,"own"
602,false,0.5421510727293929,"other"
603,false,0.8627355041497016,"own"
604,false,0.4229522237386596,""
605,true,0.6795219488846544,"own"
606,false,0.3690424498735094,""
607,false,0.772096558965195,"own"
608,false,0.6265022493280081,"own"
609,false,0.8070427954371605,"own"
610,false,0.5822151025301788,"own"
611,false,0.7218876464614198,"own"
612,false,0.665954861280655,"own"
613,true,0.7641084485350159,"own"
614,false,0.821965552385213,"own"
615,false,0.896686945351128,"own"
616,true,0.8042830028343226,"own"
617,true,0.7291383166762462,"own"
618,true,0.84416018028913,"own"
619,false,0.7673160890409065,"other"
620,false,0.8482169431827856,"other"
621,true,0.8804730342545818,"own"
622,false,0.6241701682773211,"own"
623,false,0.7410003775019456,"own"
624,true,0.9930130688812613,"own"
625,true,0.8308632461694314,"own"
626,false,0.5138478900062577,"own"
627,false,0.824812404351179,"own"
628,false,0.712526460129583,"own"
629,false,0.6194988235656032,"own"
630,false,0.7373798239585555,"own"
631,true,0.8442909217703887,"own"
632,true,0.9676857362849939,"own"
633,false,0.5043781620541643,"other"
634,false,0.7263944362659618,"own"
635,false,0.3707667951446295,""
636,false,0.5769058317377133,"own"
637,true,0.9021805030556399,"own"
638,true,0.8433255094470994,"own"
639,true,0.9141928783147354,"own"
640,false,0.5246707234773934,"own"
641,false,0.4038487752355112,""
642,false,0.39306808939273064,""
643,false,0.7883798139492642,"own"
644,true,0.9546406237406094,"own"
645,true,0.8531731919000569,"own"
646,false,0.8711130200173925,"own"
647,false,0.5355538440406411,"other"
648,true,0.7880771873362048,"own"
649,false,0.6181222779708506,"own"
650,false,0.7433678147588583,"own"
651,true,0.9121321845153315,"own"
652,true,0.758299400932209,"other"
653,false,0.563704052689698,"own"
654,true,0.6680065794660404,"own"
655,true,0.8739617332314701,"own"
656,false,0.7595840793172289,"own"
657,true,0.7916315550215078,"own"
658,true,0.9317776583784343,"own"
659,false,0.43460194719546075,""
660,false,0.955633672195423,"own"
661,false,0.6150959481668606,"own"
662,true,0.8666142208324302,"other"
663,true,0.9526390837817202,"own"
664,true,0.9974757990040197,"own"
665,true,0.8678659899855603,"own"
666,true,0.81003749701357,"own"
667,true,0.875639141609605,"own"
668,false,0.572644674285819,"other"
669,false,0.6475669579524503,"other"
670,false,0.5538496197467762,"own"
671,true,0.9762007579663037,"own"
672,true,0.9079490122483317,"own"
673,false,0.528144708452424,"other"
674,false,0.5051826762480195,"own"
675,true,0.8290426391212005,"own"
676,false,0.6410633017924969,"own"
677,true,0.7483617232894072,"own"
678,true,0.7938971571347324,"other"
679,false,0.9706068689094768,"own"
680,false,0.9075706328527936,"own"
681,false,0.5756767124897205,"own"
682,true,0.950235433753063,"own"
683,false,0.4727178432905925,""
684,true,0.9335674221301589,"own"
685,true,0.7836585391355756,"own"
686,true,0.8382000072331401,"own"
687,false,0.655893452035098,"own"
688,false,0.8287069789743066,"own"
689,true,0.9665822518114181,"own"
690,false,0.7308338791957669,"own"
691,false,0.537970608225254,"own"
692,false,0.6108589830091158,"other"
693,false,0.31969632537274073,""
694,false,0.4592271962120025,""
695,true,0.7420793545697864,"own"
696,true,0.915184008626829,"own"
697,false,0.6621915665970809,"other"
698,true,0.7924883101988494,"other"
699,true,0.7828049888134904,"own"
700,false,0.6428061937103962,"own"
701,false,0.37466301029979443,""
702,false,0.6605575090194801,"own"
703,false,0.8628961478772085,"own"
704,false,0.7292542109195264,"own"
705,false,0.6663947888568851,"own"
706,false,0.6148027665632887,"other"
707,false,0.5502529214002094,"other"
708,false,0.45223748919593443,""
709,true,0.9306833066497276,"own"
710,false,0.8095658521928116,"own"
711,true,0.9426113332159148,"own"
712,false,0.9662608711187467,"own"
713,false,0.5456538130654797,"own"
714,false,0.3596622936436744,""
715,false,0.7486456219914606,"own"
716,false,0.7608160731496305,"own"
717,true,0.9548173682871389,"own"
718,false,0.6251115507312746,"own"
719,false,0.4939923098136967,""
720,false,0.34239984673746227,""
721,true,0.8991949791229518,"own"
722,false,0.7238810541828015,"own"
723,false,0.5426877518046198,"own"
724,false,0.5461627798380705,"own"
725,false,0.2563694444949354,""
726,false,0.4070681388123729,""
727,false,0.8511887075325358,"own"
728,false,0.665248805020053,"own"
729,false,0.7786011715845151,"other"
730,false,0.4750025583114479,""
731,false,0.8287933785336601,"own"
732,false,0.5368586285038547,"other"
733,true,0.8952818437774412,"own"
734,false,0.7408046698899309,"own"
735,false,0.27160228834467515,""
736,true,0.8106021603315149,"own"
737,false,0.6334082613621901,"own"
738,false,0.7313979250306856,"own"
739,false,0.48046221619031115,""
740,true,0.6321840318234774,"own"
741,false,0.31831783398810054,""
742,false,0.5694659035850043,"own"
743,true,0.8439878927118356,"own"
744,false,0.7890127291189855,"own"
745,false,0.40277977993730596,""
746,true,0.7844687323163293,"own"
747,true,0.8585945622900286,"own"
748,false,0.3733690023092153,""
749,true,0.7596456473524655,"other"
750,false,0.6482101121129883,"other"
751,true,0.7886363870693868,"own"
752,true,0.8200418310042334,"own"
753,true,0.7991918730654856,"own"
754,false,0.7137946169798399,"other"
755,false,0.8308795699508651,"own"
756,false,0.7743593599018429,"other"
757,false,0.3959436965932821,""
758,false,0.5145421167744716,"other"
759,false,0.9264765887825152,"own"
760,true,0.730696977518209,"own"
761,false,0.6468918689185003,"other"
762,true,0.8863878372382327,"other"
763,false,0.5001024521236801,"own"
764,false,0.5089409766017365,"other"
765,false,0.395134290072249,""
766,true,0.8896044465784327,"own"
767,false,0.6984263031600136,"own"
768,false,0.5177450112393964,"own"
769,false,0.6630327068303763,"own"
770,true,0.7508911733018551,"own"
771,false,0.466432418344106,""
772,false,0.5689361824460715,"own"
773,false,0.8256939978557103,"own"
774,false,0.7758083716266263,"own"
775,true,0.9627365754676592,"own"
776,true,0.8276775056269168,"own"
777,false,0.9117692310945126,"own"
778,true,0.8290973203394053,"own"
779,false,0.8742543189603315,"own"
780,false,0.5817142555402767,"own"
781,false,0.47279666325108216,""
782,false,0.7048955837391664,"own"
783,false,0.875336052011785,"own"
784,true,0.8864885873925691,"own"
785,false,0.5405519383003136,"own"
786,false,0.4410762767070918,""
787,false,0.48883441706730735,""
788,true,0.8679821921708881,"own"
789,false,0.757931623721438,"own"
790,true,0.9039212514787953,"own"
791,false,0.5575505832407747,"own"
792,false,0.7605808224409466,"own"
793,false,0.7032276280838098,"own"
794,false,0.529879027141313,"other"
795,false,0.7238757098394819,"own"
796,true,0.9483626640987959,"own"
797,false,0.4720232471511432,""
798,false,0.4638625019920324,""
799,false,0.7671014667743591,"own"
800,false,0.6235827834907306,"own"
801,false,0.41870159954188724,""
802,false,0.7014496997362135,"own"
803,false,0.5924052078718092,"own"
804,true,0.8084489401256014,"own"
805,false,0.8509726196348557,"own"
806,true,0.8972749148910647,"own"
807,false,0.5385320079325954,"own"
808,false,0.3181247745276169,""
809,false,0.4622582195480758,""
810,false,0.41572073122971465,""
811,true,0.8866168061865316,"own"
812,true,0.8192683926094756,"own"
813,true,0.960880039048208,"own"
814,false,0.6576857391675284,"own"
815,false,0.7398882787930501,"own"
816,true,0.9197788111385403,"own"
817,false,0.3747308555940281,""
818,false,0.778294180222299,"own"
819,true,0.9075638068800866,"own"
820,false,0.5378500600155046,"other"
821,true,0.9027616776913745,"other"
822,false,0.6434524962449842,"other"
823,false,0.6386592520979695,"own"
824,true,0.7924883101988494,"other"
825,false,0.675123356064239,"own"
826,false,0.4724959334815809,""
827,false,0.3937575261228259,""
828,false,0.5880742718063215,"own"
829,false,0.7937771897056208,"own"
830,false,0.5190140157980202,"own"
831,false,0.85746069645232,"own"
832,false,0.6653457493636863,"own"
833,false,0.30038812998468933,""
834,false,0.6649149181814323,"own"
835,true,0.8939410684666674,"own"
836,false,0.6373675143126124,"own"
837,false,0.37813078818929224,""
838,false,0.40611703289401824,""
839,false,0.42096842632365683,""
840,false,0.7634323272840189,"own"
841,true,0.8906345815825831,"other"
842,false,0.8576287644574698,"own"
843,false,0.433163272679133,""
844,true,0.768365087353283,"other"
845,true,0.7792573435011514,"own"
846,false,0.7526693124395439,"own"
847,true,0.7889736164248656,"own"
848,true,0.8101631191762104,"own"
849,false,0.8485438756005175,"other"
850,false,0.47320969302984883,""
851,true,0.950156539187553,"own"
852,false,0.34008444330594845,""
853,false,0.8131091588595047,"own"
854,false,0.2826378360806321,""
855,false,0.484393424747104,""
856,false,0.4696278450941779,""
857,false,0.7435096844165581,"own"
858,false,0.30970290791744026,""
859,false,0.7609322132886938,"own"
860,true,0.9304180633870613,"own"
861,false,0.3748216452850768,""
862,false,0.8313975837841697,"own"
863,false,0.31619768441187435,""
864,false,0.5368530114256133,"own"
865,true,0.8474877275490136,"own"
866,false,0.7551082269856139,"own"
867,false,0.4770415637295651,""
868,false,0.50391160987024,"own"
869,true,0.7964067470835129,"own"
870,true,0.9933739302304753,"own"
871,false,0.7198471474166656,"own"
872,false,0.40832339912860305,""
873,false,0.5137902269335598,"other"
874,false,0.3754430366888881,""
875,false,0.4558278131403406,""
876,false,0.7051858819418869,"own"
877,false,0.4961731704079011,""
878,false,0.39173067598720124,""
879,false,0.793649799586716,"own"
880,true,0.9179160448597882,"own"
881,false,0.7273749672909885,"own"
882,false,0.7319479752199257,"own"
883,false,0.5641060034256754,"own"
884,false,0.6873655298706847,"own"
885,false,0.5569278776197871,"other"
886,true,0.8480340591426315,"own"
887,false,0.5710591709294153,"own"
888,false,0.31282262517907533,""
889,true,0.9195848582417945,"own"
890,false,0.5851126642495306,"other"
891,true,0.8147346741238879,"own"
892,false,0.43714884266602216,""
893,false,0.32470775829545073,""
894,false,0.31656148894839053,""
895,false,0.7382877498808597,"own"
896,true,0.8589712307935788,"other"
897,false,0.3372734426809929,""
898,false,0.5542877310506832,"own"
899,true,0.8232582796714656,"own"
900,false,0.7420201408669193,"own"
901,false,0.8273245725034224,"own"
902,true,0.729035800847079,"own"
903,false,0.6442386962544503,"own"
904,true,0.9472896278166979,"own"
905,false,0.88820994716885,"own"
906,false,0.7280996938618983,"own"
907,false,0.5675041733122196,"other"
908,false,0.5066907525129232,"own"
909,true,0.9398576630495457,"own"
910,true,0.9473532917804809,"own"
911,false,0.6238280992637126,"other"
912,false,0.8323052829587283,"own"
913,true,0.7887398019251368,"other"
914,false,0.8956438772397197,"other"
915,false,0.34072088736620976,""
916,true,0.767025790015497,"own"
917,false,0.6380364582823899,"own"
918,false,0.8456558066389949,"own"
919,false,0.5076795818986173,"own"
920,false,0.6411658821481367,"own"
921,false,0.5342095605035067,"own"
922,false,0.6218024155590341,"own"
923,false,0.7713980795304157,"own"
924,false,0.7392660632866961,"own"
925,false,0.27699429383059204,""
926,true,0.7542345966090696,"own"
927,true,0.8790319824838205,"own"
928,false,0.3706194336608435,""
929,false,0.35465905524980057,""
930,false,0.7030258497026562,"own"
931,true,0.8653912200358332,"own"
932,true,0.8495261032995481,"own"
933,false,0.6760941330537811,"own"
934,false,0.6598364057018531,"other"
935,false,0.7948052776491431,"own"
936,true,0.9613410116641421,"own"
937,false,0.5211318794205464,"other"
938,false,0.39329774639679194,""
939,false,0.5187049146562623,"own"
940,false,0.7083658082653392,"own"
941,false,0.48207335677564045,""
942,false,0.43945765454361196,""
943,false,0.4884654851499105,""
944,false,0.7592680670576082,"own"
945,true,0.7714317107718668,"own"
946,false,0.6394456012740349,"own"
947,false,0.6495747932817248,"own"
948,false,0.5397855033489158,"own"
949,false,0.3990818817561024,""
950,false,0.6205450209822313,"own"
951,true,0.8926502934018969,"own"
952,true,0.9064507516356844,"own"
953,false,0.8942418558975012,"own"
954,true,0.8576781932320345,"other"
955,true,0.8571793135694995,"own"
956,false,0.403103009035354,""
957,true,0.7837699827045463,"own"
958,false,0.548877337506213,"own"
959,true,0.9673211671494082,"own"
960,false,0.4165637702759919,""
961,false,0.5638715168486004,"own"
962,false,0.7594232676133047,"own"
963,false,0.564611886020737,"other"
964,false,0.6218135569685559,"own"
965,false,0.48269368266875556,""
966,false,0.8543965596395254,"own"
967,true,0.8742748295643376,"own"
968,false,0.3695953630222424,""
969,false,0.4115430748973943,""
970,true,0.8787685133917752,"own"
971,false,0.5415473472591724,"own"
972,false,0.627518115768103,"own"
973,false,0.49270172312351135,""
974,false,0.7091621759115252,"own"
975,false,0.752877961850539,"own"
976,false,0.6025017701188099,"own"
977,false,0.5944707756049479,"own"
978,true,0.8879634438102708,"own"
979,false,0.44346407195827087,""
980,false,0.7413573655476425,"own"
981,true,0.86135428995568,"own"
982,false,0.725492672194227,"own"
983,true,0.7361428926683019,"other"
984,false,0.7592480657234681,"own"
985,false,0.7577941251028075,"own"
986,false,0.7568548340842992,"own"
987,false,0.6901584734964009,"own"
988,true,0.8001298054780656,"own"
989,false,0.42027193383658745,""
990,false,0.4708397589973219,""
991,false,0.7429537091190728,"own"
992,false,0.8170304241705616,"own"
993,true,0.7269376958077313,"own"
994,false,0.8672970962814701,"own"
995,false,0.49891880115425,""
996,true,0.8587027148910236,"own"
997,false,0.9557277012797162,"own"
998,false,0.6151752199474548,"own"
999,true,0.6853399269772581,"own"