dataset,embedder,threshold,pairs,duplicates,hits,correct,falseHits,otherPair,hitRate,falseHitRate
"qqp","text-embedding-3-small",0.8,1000,326,333,212,94,27,0.6503067484662577,0.2822822822822823
"qqp","text-embedding-3-small",0.81,1000,326,317,204,88,25,0.6257668711656442,0.277602523659306
"qqp","text-embedding-3-small",0.82,1000,326,295,190,82,23,0.5828220858895705,0.27796610169491526
"qqp","text-embedding-3-small",0.83,1000,326,274,180,71,23,0.5521472392638037,0.2591240875912409
"qqp","text-embedding-3-small",0.84,1000,326,259,171,65,23,0.5245398773006135,0.25096525096525096
"qqp","text-embedding-3-small",0.85,1000,326,221,151,53,17,0.46319018404907975,0.2398190045248869
"qqp","text-embedding-3-small",0.86,1000,326,201,143,44,14,0.4386503067484663,0.21890547263681592
"qqp","text-embedding-3-small",0.87,1000,326,180,130,38,12,0.3987730061349693,0.2111111111111111
"qqp","text-embedding-3-small",0.88,1000,326,166,121,33,12,0.37116564417177916,0.19879518072289157
"qqp","text-embedding-3-small",0.89,1000,326,146,106,30,10,0.32515337423312884,0.2054794520547945
"qqp","text-embedding-3-small",0.9,1000,326,128,95,26,7,0.29141104294478526,0.203125
"qqp","text-embedding-3-small",0.91,1000,326,106,81,21,4,0.24846625766871167,0.19811320754716982
"qqp","text-embedding-3-small",0.92,1000,326,87,67,17,3,0.20552147239263804,0.19540229885057472
"qqp","text-embedding-3-small",0.93,1000,326,73,62,11,0,0.1901840490797546,0.1506849315068493
"qqp","text-embedding-3-small",0.94,1000,326,56,48,8,0,0.147239263803681,0.14285714285714285
"qqp","text-embedding-3-small",0.95,1000,326,43,37,6,0,0.11349693251533742,0.13953488372093023
"qqp","text-embedding-3-small",0.96,1000,326,29,26,3,0,0.07975460122699386,0.10344827586206896
"qqp","text-embedding-3-small",0.97,1000,326,15,14,1,0,0.04294478527607362,0.06666666666666667
"qqp","text-embedding-3-small",0.98,1000,326,11,11,0,0,0.03374233128834356,0
"qqp","text-embedding-3-small",0.99,1000,326,7,7,0,0,0.02147239263803681,0
"faq-en","text-embedding-3-small",0.8,20,10,6,3,3,0,0.3,0.5
"faq-en","text-embedding-3-small",0.81,20,10,6,3,3,0,0.3,0.5
"faq-en","text-embedding-3-small",0.82,20,10,4,3,1,0,0.3,0.25
"faq-en","text-embedding-3-small",0.83,20,10,4,3,1,0,0.3,0.25
"faq-en","text-embedding-3-small",0.84,20,10,4,3,1,0,0.3,0.25
"faq-en","text-embedding-3-small",0.85,20,10,3,2,1,0,0.2,0.3333333333333333
"faq-en","text-embedding-3-small",0.86,20,10,2,1,1,0,0.1,0.5
"faq-en","text-embedding-3-small",0.87,20,10,2,1,1,0,0.1,0.5
"faq-en","text-embedding-3-small",0.88,20,10,1,1,0,0,0.1,0
"faq-en","text-embedding-3-small",0.89,20,10,1,1,0,0,0.1,0
"faq-en","text-embedding-3-small",0.9,20,10,1,1,0,0,0.1,0
"faq-en","text-embedding-3-small",0.91,20,10,1,1,0,0,0.1,0
"faq-en","text-embedding-3-small",0.92,20,10,1,1,0,0,0.1,0
"faq-en","text-embedding-3-small",0.93,20,10,1,1,0,0,0.1,0
"faq-en","text-embedding-3-small",0.94,20,10,1,1,0,0,0.1,0
"faq-en","text-embedding-3-small",0.95,20,10,1,1,0,0,0.1,0
"faq-en","text-embedding-3-small",0.96,20,10,1,1,0,0,0.1,0
"faq-en","text-embedding-3-small",0.97,20,10,0,0,0,0,0,0
"faq-en","text-embedding-3-small",0.98,20,10,0,0,0,0,0,0
"faq-en","text-embedding-3-small",0.99,20,10,0,0,0,0,0,0
"faq-pt","text-embedding-3-small",0.8,20,10,5,1,3,1,0.1,0.6
"faq-pt","text-embedding-3-small",0.81,20,10,5,1,3,1,0.1,0.6
"faq-pt","text-embedding-3-small",0.82,20,10,4,0,3,1,0,0.75
"faq-pt","text-embedding-3-small",0.83,20,10,4,0,3,1,0,0.75
"faq-pt","text-embedding-3-small",0.84,20,10,2,0,2,0,0,1
"faq-pt","text-embedding-3-small",0.85,20,10,2,0,2,0,0,1
"faq-pt","text-embedding-3-small",0.86,20,10,2,0,2,0,0,1
"faq-pt","text-embedding-3-small",0.87,20,10,1,0,1,0,0,1
"faq-pt","text-embedding-3-small",0.88,20,10,0,0,0,0,0,0
"faq-pt","text-embedding-3-small",0.89,20,10,0,0,0,0,0,0
"faq-pt","text-embedding-3-small",0.9,20,10,0,0,0,0,0,0
"faq-pt","text-embedding-3-small",0.91,20,10,0,0,0,0,0,0
"faq-pt","text-embedding-3-small",0.92,20,10,0,0,0,0,0,0
"faq-pt","text-embedding-3-small",0.93,20,10,0,0,0,0,0,0
"faq-pt","text-embedding-3-small",0.94,20,10,0,0,0,0,0,0
"faq-pt","text-embedding-3-small",0.95,20,10,0,0,0,0,0,0
"faq-pt","text-embedding-3-small",0.96,20,10,0,0,0,0,0,0
"faq-pt","text-embedding-3-small",0.97,20,10,0,0,0,0,0,0
"faq-pt","text-embedding-3-small",0.98,20,10,0,0,0,0,0,0
"faq-pt","text-embedding-3-small",0.99,20,10,0,0,0,0,0,0
"qqp","text-embedding-3-large@2000",0.8,1000,326,304,201,79,24,0.6165644171779141,0.2598684210526316
"qqp","text-embedding-3-large@2000",0.81,1000,326,283,194,67,22,0.5950920245398773,0.23674911660777384
"qqp","text-embedding-3-large@2000",0.82,1000,326,262,180,60,22,0.5521472392638037,0.22900763358778625
"qqp","text-embedding-3-large@2000",0.83,1000,326,246,171,56,19,0.5245398773006135,0.22764227642276422
"qqp","text-embedding-3-large@2000",0.84,1000,326,231,165,49,17,0.5061349693251533,0.21212121212121213
"qqp","text-embedding-3-large@2000",0.85,1000,326,208,155,39,14,0.4754601226993865,0.1875
"qqp","text-embedding-3-large@2000",0.86,1000,326,190,140,37,13,0.4294478527607362,0.19473684210526315
"qqp","text-embedding-3-large@2000",0.87,1000,326,163,122,33,8,0.37423312883435583,0.20245398773006135
"qqp","text-embedding-3-large@2000",0.88,1000,326,143,111,27,5,0.34049079754601225,0.1888111888111888
"qqp","text-embedding-3-large@2000",0.89,1000,326,123,93,25,5,0.2852760736196319,0.2032520325203252
"qqp","text-embedding-3-large@2000",0.9,1000,326,105,82,22,1,0.25153374233128833,0.20952380952380953
"qqp","text-embedding-3-large@2000",0.91,1000,326,89,71,17,1,0.21779141104294478,0.19101123595505617
"qqp","text-embedding-3-large@2000",0.92,1000,326,80,67,12,1,0.20552147239263804,0.15
"qqp","text-embedding-3-large@2000",0.93,1000,326,68,56,11,1,0.17177914110429449,0.16176470588235295
"qqp","text-embedding-3-large@2000",0.94,1000,326,54,46,8,0,0.1411042944785276,0.14814814814814814
"qqp","text-embedding-3-large@2000",0.95,1000,326,40,35,5,0,0.10736196319018405,0.125
"qqp","text-embedding-3-large@2000",0.96,1000,326,25,22,3,0,0.06748466257668712,0.12
"qqp","text-embedding-3-large@2000",0.97,1000,326,21,19,2,0,0.05828220858895705,0.09523809523809523
"qqp","text-embedding-3-large@2000",0.98,1000,326,14,13,1,0,0.03987730061349693,0.07142857142857142
"qqp","text-embedding-3-large@2000",0.99,1000,326,3,3,0,0,0.009202453987730062,0
"faq-en","text-embedding-3-large@2000",0.8,20,10,3,2,1,0,0.2,0.3333333333333333
"faq-en","text-embedding-3-large@2000",0.81,20,10,3,2,1,0,0.2,0.3333333333333333
"faq-en","text-embedding-3-large@2000",0.82,20,10,2,1,1,0,0.1,0.5
"faq-en","text-embedding-3-large@2000",0.83,20,10,2,1,1,0,0.1,0.5
"faq-en","text-embedding-3-large@2000",0.84,20,10,2,1,1,0,0.1,0.5
"faq-en","text-embedding-3-large@2000",0.85,20,10,2,1,1,0,0.1,0.5
"faq-en","text-embedding-3-large@2000",0.86,20,10,2,1,1,0,0.1,0.5
"faq-en","text-embedding-3-large@2000",0.87,20,10,2,1,1,0,0.1,0.5
"faq-en","text-embedding-3-large@2000",0.88,20,10,1,1,0,0,0.1,0
"faq-en","text-embedding-3-large@2000",0.89,20,10,0,0,0,0,0,0
"faq-en","text-embedding-3-large@2000",0.9,20,10,0,0,0,0,0,0
"faq-en","text-embedding-3-large@2000",0.91,20,10,0,0,0,0,0,0
"faq-en","text-embedding-3-large@2000",0.92,20,10,0,0,0,0,0,0
"faq-en","text-embedding-3-large@2000",0.93,20,10,0,0,0,0,0,0
"faq-en","text-embedding-3-large@2000",0.94,20,10,0,0,0,0,0,0
"faq-en","text-embedding-3-large@2000",0.95,20,10,0,0,0,0,0,0
"faq-en","text-embedding-3-large@2000",0.96,20,10,0,0,0,0,0,0
"faq-en","text-embedding-3-large@2000",0.97,20,10,0,0,0,0,0,0
"faq-en","text-embedding-3-large@2000",0.98,20,10,0,0,0,0,0,0
"faq-en","text-embedding-3-large@2000",0.99,20,10,0,0,0,0,0,0
"faq-pt","text-embedding-3-large@2000",0.8,20,10,3,1,1,1,0.1,0.3333333333333333
"faq-pt","text-embedding-3-large@2000",0.81,20,10,3,1,1,1,0.1,0.3333333333333333
"faq-pt","text-embedding-3-large@2000",0.82,20,10,1,0,1,0,0,1
"faq-pt","text-embedding-3-large@2000",0.83,20,10,1,0,1,0,0,1
"faq-pt","text-embedding-3-large@2000",0.84,20,10,1,0,1,0,0,1
"faq-pt","text-embedding-3-large@2000",0.85,20,10,1,0,1,0,0,1
"faq-pt","text-embedding-3-large@2000",0.86,20,10,1,0,1,0,0,1
"faq-pt","text-embedding-3-large@2000",0.87,20,10,0,0,0,0,0,0
"faq-pt","text-embedding-3-large@2000",0.88,20,10,0,0,0,0,0,0
"faq-pt","text-embedding-3-large@2000",0.89,20,10,0,0,0,0,0,0
"faq-pt","text-embedding-3-large@2000",0.9,20,10,0,0,0,0,0,0
"faq-pt","text-embedding-3-large@2000",0.91,20,10,0,0,0,0,0,0
"faq-pt","text-embedding-3-large@2000",0.92,20,10,0,0,0,0,0,0
"faq-pt","text-embedding-3-large@2000",0.93,20,10,0,0,0,0,0,0
"faq-pt","text-embedding-3-large@2000",0.94,20,10,0,0,0,0,0,0
"faq-pt","text-embedding-3-large@2000",0.95,20,10,0,0,0,0,0,0
"faq-pt","text-embedding-3-large@2000",0.96,20,10,0,0,0,0,0,0
"faq-pt","text-embedding-3-large@2000",0.97,20,10,0,0,0,0,0,0
"faq-pt","text-embedding-3-large@2000",0.98,20,10,0,0,0,0,0,0
"faq-pt","text-embedding-3-large@2000",0.99,20,10,0,0,0,0,0,0